{"cameraMode":{"drawMode":0,"name":"Shaded","section":"Shading Mode"},"sceneLighting":false,"audioPlay":false,"sceneViewState":{"m_AlwaysRefresh":false,"showFog":true,"showSkybox":false,"showFlares":true,"showImageEffects":true,"showParticleSystems":true,"showVisualEffectGraphs":true,"m_FxEnabled":true},"in2DMode":false,"pivot":{"x":-0.0018173456192016602,"y":0.4707908630371094,"z":-0.012666746973991394},"rotation":{"x":-0.047098055481910709,"y":-0.8387095332145691,"z":0.073387011885643,"w":-0.5376089215278626},"size":0.7479264736175537,"orthographic":false}