{"cameraMode":{"drawMode":0,"name":"Shaded","section":"Shading Mode"},"sceneLighting":true,"audioPlay":false,"sceneViewState":{"m_AlwaysRefresh":false,"showFog":true,"showSkybox":false,"showFlares":true,"showImageEffects":true,"showParticleSystems":true,"showVisualEffectGraphs":true,"m_FxEnabled":true},"in2DMode":false,"pivot":{"x":1.1920928955078126e-7,"y":4.999999523162842,"z":-0.000001430511474609375},"rotation":{"x":-0.04488151893019676,"y":-0.7036730051040649,"z":0.04459330439567566,"w":-0.7077781558036804},"size":7.549834251403809,"orthographic":false}