{"cameraMode":{"drawMode":0,"name":"Shaded","section":"Shading Mode"},"sceneLighting":false,"audioPlay":false,"sceneViewState":{"m_AlwaysRefresh":false,"showFog":true,"showSkybox":false,"showFlares":true,"showImageEffects":true,"showParticleSystems":true,"showVisualEffectGraphs":true,"m_FxEnabled":true},"in2DMode":false,"pivot":{"x":-24.758689880371095,"y":-13.861474990844727,"z":23.155738830566408},"rotation":{"x":0.20726272463798524,"y":-0.7453890442848206,"z":0.2694022059440613,"w":0.5734938979148865},"size":31.833131790161134,"orthographic":false}