{"cameraMode":{"drawMode":0,"name":"Shaded","section":"Shading Mode"},"sceneLighting":false,"audioPlay":false,"sceneViewState":{"m_AlwaysRefresh":false,"showFog":true,"showSkybox":false,"showFlares":true,"showImageEffects":true,"showParticleSystems":true,"showVisualEffectGraphs":true,"m_FxEnabled":true},"in2DMode":false,"pivot":{"x":-0.0015964508056640626,"y":-0.4911203384399414,"z":0.20633110404014588},"rotation":{"x":-0.13927918672561646,"y":-0.6476148366928101,"z":0.12212865799665451,"w":-0.7391735315322876},"size":2.406233549118042,"orthographic":false}